lmdb_key,identity_label,gender,ethnicity
3544263,386189,female,Indian
2285031,248235,male,Black
3434517,374088,male,Latino_Hispanic
2423609,263489,female,East Asian
3184209,346469,male,Black
4167340,453710,female,East Asian
3935700,428847,female,Indian
3773762,411475,male,Latino_Hispanic
4712013,513002,male,Southeast Asian
343337,37696,male,Latino_Hispanic
1999126,217440,male,Indian
603348,65817,female,Middle Eastern
6270742,681736,male,Middle Eastern
4482059,488180,male,Southeast Asian
6987495,759574,male,White
7784257,846180,female,Latino_Hispanic
3048558,331630,female,White
4043009,440531,male,Latino_Hispanic
6591480,716782,male,Middle Eastern
4185220,455665,female,Middle Eastern
313306,34394,female,Middle Eastern
6723352,731042,male,Black
370993,40720,male,East Asian
4940941,537609,male,Middle Eastern
6460785,702394,female,Latino_Hispanic
5387018,585988,female,Southeast Asian
1500625,162972,male,Middle Eastern
8285704,900600,female,Latino_Hispanic
8182169,889231,female,Black
8285702,900600,female,East Asian
1047074,113758,female,Southeast Asian
1439152,156363,male,Indian
2143988,233333,female,Black
2898682,315238,female,White
6476170,704083,male,Indian
4497203,489897,male,Southeast Asian
5901863,641682,female,White
5765158,626750,male,Indian
4324456,470721,female,Middle Eastern
498216,54486,female,Latino_Hispanic
22796,2613,female,East Asian
3570869,389209,male,Black
3377883,367760,female,Latino_Hispanic
878862,95624,male,Middle Eastern
6584689,716100,female,Middle Eastern
1523313,165484,female,Indian
4868961,529905,male,White
2379339,258532,male,Black
7924239,861484,male,Indian
5418446,589300,female,Black
4652221,506604,male,Southeast Asian
4872564,530272,female,Indian
1757210,190776,male,East Asian
5214776,567299,female,White
498172,54486,female,Indian
1151110,124952,female,Indian
8061580,876247,male,White
7177945,780257,male,Southeast Asian
8074812,877682,female,Latino_Hispanic
3334660,362881,female,Black
2010230,218649,male,Middle Eastern
5901851,641682,female,White
8149954,885834,male,Southeast Asian
6973297,757992,male,Black
4452945,484911,female,White
5567802,605317,female,Indian
2943113,319972,female,Latino_Hispanic
5416612,589135,male,Indian
6476181,704083,male,Indian
6828664,742417,female,East Asian
2651152,288229,female,White
5063720,550932,female,Middle Eastern
916352,99611,female,White
8439895,917471,male,Middle Eastern
2647517,287874,male,Southeast Asian
2010217,218649,male,White
1514486,164514,female,East Asian
5465804,594234,male,Indian
3124386,340043,male,Latino_Hispanic
875658,95308,male,Middle Eastern
3727767,406534,male,Black
1523316,165484,female,White
6804287,739817,female,Southeast Asian
4347449,473350,female,Latino_Hispanic
8161405,887026,male,Indian
3051165,331923,female,East Asian
5720366,621918,male,Black
1086469,117974,male,Middle Eastern
7942856,863452,male,East Asian
3754251,409312,male,East Asian
5515326,599585,female,Latino_Hispanic
3938440,429198,female,Middle Eastern
924043,100462,male,Indian
1169527,126905,female,Black
1109797,120467,male,Black
5030222,547365,female,Indian
5567762,605317,female,Indian
7430970,807656,male,Middle Eastern
7351526,799308,female,Latino_Hispanic
6353415,690854,male,Southeast Asian
3182135,346270,female,Latino_Hispanic
498168,54486,female,Indian
5338756,580530,male,Indian
1268442,137724,male,Black
6066631,659404,female,Black
230753,25407,female,East Asian
394008,43233,male,Latino_Hispanic
8038937,873874,female,Latino_Hispanic
5030242,547365,female,Indian
6729413,731721,female,Middle Eastern
3156524,343540,male,East Asian
3156508,343540,male,East Asian
2418309,262877,female,Black
4002191,436199,male,Middle Eastern
6466323,702976,female,Middle Eastern
1819757,197768,female,Middle Eastern
5681688,617728,male,Indian
4675794,509087,male,Middle Eastern
5297559,576156,male,East Asian
2010246,218649,male,Middle Eastern
8071792,877398,male,Latino_Hispanic
7756020,843082,female,Middle Eastern
1039843,112954,male,Indian
7150717,777340,male,Middle Eastern
7468533,811755,male,Black
5911971,642798,female,East Asian
5936076,645389,male,Black
5641431,613251,female,Indian
745735,81381,female,White
1776089,192852,male,Middle Eastern
5515245,599585,female,Black
8481759,921965,female,Indian
4871184,530131,female,White
653657,71406,male,East Asian
6931718,753734,female,Black
4988325,542827,male,Black
1819798,197768,female,Middle Eastern
6272146,681873,female,Latino_Hispanic
4557811,496526,female,White
5475827,595181,male,Indian
7153774,777640,female,Latino_Hispanic
1197552,129918,female,Black
8293792,901467,male,Latino_Hispanic
3669401,399890,female,East Asian
5022933,546558,male,Southeast Asian
7270995,790353,female,Indian
2867497,311876,female,Latino_Hispanic
2285061,248235,male,Black
2983240,324479,female,Southeast Asian
6683464,726693,female,Indian
4711989,513002,male,Southeast Asian
3860057,420820,male,Middle Eastern
3789103,413169,female,Latino_Hispanic
5416628,589135,male,Indian
139488,15179,male,Latino_Hispanic
7520103,817363,female,Indian
657259,71727,female,Black
1516972,164803,female,East Asian
8135124,884219,female,White
7845594,852832,female,White
5652145,614457,female,Black
4629802,504254,male,Latino_Hispanic
5338750,580530,male,Black
653662,71406,male,East Asian
3434479,374088,male,Latino_Hispanic
3142751,342093,male,Black
1407404,152998,female,Indian
4544308,495151,male,East Asian
503753,55118,male,Black
1156430,125533,female,Southeast Asian
8210530,892271,female,Indian
5556200,604003,male,East Asian
2551938,277457,female,Indian
1407358,152998,female,Latino_Hispanic
7965255,865923,male,White
1970735,214459,male,Indian
6474219,703840,male,Latino_Hispanic
8510356,924984,female,Southeast Asian
4426016,481966,male,White
3860056,420820,male,Middle Eastern
5029696,547304,female,White
2649207,288066,female,Middle Eastern
6899954,750237,female,Black
6565561,713964,female,East Asian
847697,92376,female,Middle Eastern
7665399,833134,male,White
7092353,771102,male,East Asian
3669392,399890,female,Southeast Asian
1567969,170258,male,White
6929819,753510,female,Southeast Asian
1374663,149493,female,East Asian
8236364,895109,female,Middle Eastern
7661894,832744,male,Indian
490456,53689,female,Middle Eastern
1450045,157567,male,Middle Eastern
4082411,444741,male,Indian
4652123,506600,female,Black
5068674,551538,male,Black
4852981,528298,female,Indian
3977676,433543,female,Middle Eastern
1407448,152998,female,Indian
4817127,524403,female,Middle Eastern
6147118,668174,female,Latino_Hispanic
7911837,860051,female,Middle Eastern
3035786,330290,female,East Asian
530841,57938,male,Southeast Asian
6431359,699250,female,Middle Eastern
1540498,167427,male,Black
3037964,330499,male,Black
6579205,715543,male,Middle Eastern
4164114,453366,female,Southeast Asian
5658017,615139,female,Indian
3794645,413830,female,Southeast Asian
3437045,374391,female,East Asian
3059178,332887,female,Latino_Hispanic
359851,39505,male,Black
5572291,605801,male,Latino_Hispanic
3914174,426685,male,Southeast Asian
1272001,138123,female,Black
7549030,820408,male,Southeast Asian
8168498,887735,male,Indian
1082683,117532,male,White
3859739,420794,male,Latino_Hispanic
5761525,626410,female,Indian
4948439,538421,female,Southeast Asian
6001625,652409,female,Southeast Asian
5652151,614457,female,Black
4782791,520769,female,Black
654960,71535,female,Middle Eastern
6578394,715476,male,East Asian
7431083,807656,male,White
7610443,827145,male,East Asian
7447243,809426,female,East Asian
6828688,742417,female,East Asian
394014,43233,male,Latino_Hispanic
7478102,812771,male,Black
3330868,362470,female,Latino_Hispanic
7536384,819050,male,Black
7687643,835510,female,White
2873588,312488,female,White
7857576,854194,female,East Asian
8041678,874168,female,Indian
2956817,321515,male,Black
3433505,373954,female,Latino_Hispanic
1697268,184300,female,White
5450643,592610,male,Southeast Asian
3538848,385594,male,Southeast Asian
5851675,636267,female,Black
4925142,535921,female,Latino_Hispanic
4666172,508068,female,Indian
4652241,506604,male,East Asian
2765805,300755,female,East Asian
506811,55420,male,Indian
2645642,287648,male,Latino_Hispanic
5418460,589300,female,Black
1505669,163547,female,Black
3124387,340043,male,Latino_Hispanic
1540511,167427,male,Black
5622112,611115,female,Black
895933,97435,female,Indian
4971765,540968,female,East Asian
7766648,844270,female,East Asian
489980,53623,male,Black
797813,87027,female,Latino_Hispanic
5178788,563400,female,Indian
5126196,557766,female,Latino_Hispanic
4082389,444741,male,Indian
6336986,689029,male,Indian
3142746,342093,male,Latino_Hispanic
6562556,713587,male,East Asian
4714492,513301,male,Middle Eastern
1133183,123045,female,Black
7736581,840959,female,Middle Eastern
1021086,110845,male,East Asian
3705304,403931,female,Latino_Hispanic
1850456,201174,male,White
5123151,557440,male,White
6139594,667345,female,Southeast Asian
5862786,637491,male,Southeast Asian
4425994,481966,male,Latino_Hispanic
3467051,377565,female,Black
5141427,559402,male,White
7950624,864336,male,Middle Eastern
7857569,854194,female,East Asian
3791667,413446,male,Southeast Asian
2118408,230506,male,Southeast Asian
7500424,815229,male,Indian
4652352,506604,male,East Asian
2171628,236261,male,East Asian
3813097,415756,male,Indian
2884777,313695,male,Southeast Asian
401321,44063,male,East Asian
1120584,121665,male,Latino_Hispanic
5771662,627523,female,Southeast Asian
4595084,500509,female,Middle Eastern
6524815,709307,male,Latino_Hispanic
112457,12215,male,Middle Eastern
6376913,693241,female,Southeast Asian
42996,4777,male,White
1402935,152528,male,Latino_Hispanic
3901352,425385,female,East Asian
6008999,653152,male,White
7200099,782540,female,Black
5416692,589135,male,Indian
8519162,925933,female,Black
1494748,162314,male,White
4120744,448812,male,East Asian
7072242,768905,male,Black
7383087,802641,female,Indian
8166927,887592,male,Middle Eastern
688360,75128,female,Southeast Asian
4012611,437279,male,East Asian
5669453,616364,male,Latino_Hispanic
894368,97277,male,East Asian
199037,21805,male,Latino_Hispanic
5279771,574257,female,Southeast Asian
7451789,809909,female,Southeast Asian
444392,48701,female,White
7265673,789737,male,Southeast Asian
6038264,656259,female,Latino_Hispanic
5086326,553407,female,Middle Eastern
1757237,190776,male,Southeast Asian
624114,68169,female,White
7396666,804061,female,Black
6787889,738007,male,Middle Eastern
3208500,349068,female,White
8211589,892357,female,Indian
3035966,330295,female,Middle Eastern
6433284,699451,female,White
6035617,655997,male,White
2943832,320062,female,Black
6683169,726662,female,Southeast Asian
5299010,576285,male,Indian
2141259,233034,female,White
4844879,527438,male,East Asian
5994421,651673,female,Latino_Hispanic
7950652,864336,male,Middle Eastern
8008358,870559,female,White
4629799,504254,male,Latino_Hispanic
4577437,498641,male,Middle Eastern
7942822,863452,male,East Asian
3349791,364539,female,Southeast Asian
451544,49493,female,Southeast Asian
7661907,832744,male,Indian
313290,34394,female,Middle Eastern
1039831,112954,female,Indian
6796643,739004,male,Southeast Asian
7836875,851825,male,Middle Eastern
7249370,787966,male,Black
8309984,903232,female,Latino_Hispanic
8465903,920192,female,Southeast Asian
5658102,615139,female,Latino_Hispanic
4844861,527438,female,East Asian
3901360,425385,female,East Asian
4894295,532541,female,Indian
1380835,150078,female,Middle Eastern
1109813,120467,male,Black
4526206,493153,male,Black
4797461,522358,male,Southeast Asian
7924214,861484,male,Indian
3176572,345676,male,Latino_Hispanic
875670,95308,male,White
5286318,574969,female,White
7513969,816699,female,Southeast Asian
7898464,858621,male,Latino_Hispanic
7478038,812771,male,Black
5068677,551538,male,Black
8182240,889231,female,Black
2368549,257379,female,Middle Eastern
2590604,281631,male,East Asian
3631587,395857,female,East Asian
762573,83242,male,Middle Eastern
3072573,334338,female,Middle Eastern
4065142,442893,male,Indian
8206891,891864,female,Black
6406967,696505,male,Southeast Asian
7478049,812771,male,Black
4629846,504254,male,Middle Eastern
7270178,790273,male,Southeast Asian
7392937,803713,female,Southeast Asian
2144894,233433,female,Southeast Asian
1304837,141642,female,White
493790,54046,female,Indian
8543086,928676,male,Black
2195976,238855,male,White
5567829,605317,female,Indian
6506355,707287,male,Southeast Asian
5936097,645389,male,Black
6804215,739817,female,Southeast Asian
4797476,522358,male,Southeast Asian
1264543,137320,male,Indian
7610287,827145,female,East Asian
4372999,476172,male,Middle Eastern
4123419,449062,male,Black
2330356,253258,female,Black
6509727,707636,female,Southeast Asian
4675736,509087,male,Middle Eastern
3200259,348176,female,Southeast Asian
1865286,202857,male,Middle Eastern
2958679,321729,male,Latino_Hispanic
1527147,165884,female,Southeast Asian
3054830,332365,male,Southeast Asian
7511495,816448,male,Indian
6822644,741735,male,Indian
2990123,325217,female,Southeast Asian
6353249,690854,male,Black
5896447,641113,male,White
1439170,156363,male,Indian
4988251,542827,male,Indian
5228303,568702,female,Middle Eastern
1266557,137536,male,East Asian
641664,70085,male,White
4415244,480809,male,Southeast Asian
4456066,485257,female,Middle Eastern
7177948,780257,male,Southeast Asian
5270120,573256,male,Southeast Asian
4913625,534566,male,Southeast Asian
281128,30902,male,East Asian
751675,82095,male,Middle Eastern
3813078,415756,male,Indian
7108108,772793,female,Southeast Asian
8211597,892357,female,Black
878837,95624,male,Middle Eastern
4072492,443677,female,Latino_Hispanic
5658042,615139,female,Indian
1353076,147025,female,Black
6573260,714869,male,East Asian
4682527,509853,male,White
3096441,336891,female,Southeast Asian
3931401,428411,male,Southeast Asian
443864,48637,male,White
120138,13066,female,Indian
139491,15179,female,Southeast Asian
1163132,126228,male,Southeast Asian
210203,23032,female,White
7535846,819004,male,White
3538874,385594,male,East Asian
7549034,820408,male,Southeast Asian
4320074,470237,female,Black
3898938,425186,female,East Asian
5120158,557135,female,Black
6040486,656462,female,East Asian
2538757,276034,female,Southeast Asian
1446139,157139,female,East Asian
4652066,506600,female,Black
7509404,816221,female,East Asian
4652111,506600,female,Southeast Asian
895880,97435,male,Indian
1995341,217068,male,Latino_Hispanic
163422,17880,female,Indian
3013663,327824,female,Southeast Asian
2778780,302133,male,Indian
8357739,908501,male,Latino_Hispanic
3208499,349068,female,White
1527178,165884,female,East Asian
5585795,607265,male,Indian
912650,99181,male,Indian
3208577,349068,female,White
4739697,516062,male,Southeast Asian
1648126,178859,female,East Asian
6040371,656462,female,East Asian
920743,100088,female,Middle Eastern
5768815,627196,female,Southeast Asian
7529919,818429,male,Middle Eastern
8469176,920538,female,White
3330887,362470,female,Latino_Hispanic
2903844,315774,male,Black
2943853,320062,female,Black
1051673,114250,male,Indian
223796,24631,female,Southeast Asian
1151062,124952,female,Indian
4544266,495151,male,East Asian
8038893,873874,female,Latino_Hispanic
377421,41399,female,Middle Eastern
456136,49957,female,East Asian
1030461,111920,female,Black
7628369,829086,female,Indian
5125349,557665,male,Middle Eastern
557459,60811,male,Southeast Asian
8261279,897925,female,Black
3618777,394498,male,Latino_Hispanic
7420219,806505,male,Indian
6031612,655531,female,Southeast Asian
4203451,457562,female,Latino_Hispanic
1990219,216546,male,Latino_Hispanic
4764693,518788,male,Indian
5652169,614457,female,Black
7361818,800319,female,Indian
2734475,297280,male,Middle Eastern
1936704,210683,male,Indian
4033693,439578,male,Indian
4781762,520669,male,East Asian
2776061,301842,male,Black
7494881,814664,male,Black
7149618,777224,female,Latino_Hispanic
5418438,589300,female,Black
7053653,766784,female,Black
4180102,455090,male,Southeast Asian
4781695,520669,male,Latino_Hispanic
1929726,209930,male,East Asian
4082338,444741,male,Latino_Hispanic
952262,103505,male,Southeast Asian
7497282,814929,female,East Asian
6768772,735869,female,Black
6907152,751006,male,Indian
3312642,360445,male,Middle Eastern
1264570,137320,male,Indian
3544291,386189,female,White
5037463,548091,female,Black
2499190,271783,male,White
1893342,206020,female,Southeast Asian
6828634,742417,female,East Asian
32798,3695,female,Middle Eastern
5681729,617728,female,Indian
3404783,370725,female,Middle Eastern
3451124,375922,male,White
1916608,208467,male,Indian
1633975,177265,male,Indian
1753437,190396,female,East Asian
8542357,928602,female,Indian
6389867,694639,male,East Asian
5035289,547888,male,Middle Eastern
6591525,716782,male,Middle Eastern
6897373,749970,male,East Asian
3174721,345513,female,Indian
3395455,369704,male,White
65093,7147,male,East Asian
1990189,216546,male,Southeast Asian
8041166,874118,male,White
7676753,834356,male,Middle Eastern
3049746,331776,female,East Asian
6757034,734688,female,White
1776059,192852,male,Middle Eastern
8469174,920538,female,White
7520088,817363,female,Indian
8182551,889264,female,Black
5122416,557376,female,Middle Eastern
526874,57521,male,Black
4424999,481900,male,White
5415841,589039,male,Black
751698,82095,male,Latino_Hispanic
6987431,759574,male,Middle Eastern
4849627,527974,male,Middle Eastern
5807854,631452,male,White
1999177,217440,male,Indian
2884755,313695,male,Southeast Asian
4925138,535921,female,White
2505396,272356,male,Black
2776088,301842,male,Black
875631,95308,male,Middle Eastern
2771929,301401,male,Latino_Hispanic
762582,83242,male,Middle Eastern
4906735,533889,female,East Asian
1633881,177265,male,Latino_Hispanic
6724300,731160,male,White
6035677,655997,male,White
881502,95919,female,White
4872518,530272,female,Latino_Hispanic
758877,82874,female,Latino_Hispanic
5137064,558947,female,Indian
3251255,353676,female,Southeast Asian
7158251,778169,male,East Asian
42978,4777,male,White
6873239,747241,male,Southeast Asian
7676639,834356,male,Middle Eastern
5556151,604003,male,East Asian
3113217,338787,male,East Asian
8439834,917471,male,White
6674088,725624,female,Middle Eastern
7431096,807656,male,White
5214797,567299,female,East Asian
7249438,787966,male,Black
2552029,277457,female,Indian
1918951,208696,female,White
3961020,431705,female,Latino_Hispanic
2330333,253258,female,White
3467031,377565,female,Black
1439177,156363,male,Indian
2553367,277603,female,Middle Eastern
2903675,315749,male,Southeast Asian
5936856,645478,female,East Asian
4326262,470913,female,Southeast Asian
7263163,789473,female,White
3892747,424445,female,Middle Eastern
5204159,566196,female,Latino_Hispanic
3786894,412915,male,Southeast Asian
785277,85684,female,East Asian
5077531,552517,male,Indian
6496546,706281,female,Southeast Asian
1567923,170258,male,Middle Eastern
4002223,436199,male,White
4002231,436199,male,White
885247,96311,male,Latino_Hispanic
1920541,208900,female,Middle Eastern
1689960,183555,female,Latino_Hispanic
1476803,160374,male,Middle Eastern
5495422,597503,female,Latino_Hispanic
120139,13066,female,Latino_Hispanic
1757145,190776,male,Southeast Asian
6524904,709307,male,Latino_Hispanic
4612049,502225,male,Middle Eastern
4325290,470811,male,Middle Eastern
8484553,922250,female,East Asian
2475704,269281,female,Black
2908550,316328,female,Black
4200345,457253,male,East Asian
5658044,615139,female,Indian
3312647,360445,male,Middle Eastern
3740073,407854,female,Southeast Asian
5252829,571337,female,Indian
3981923,433988,male,Middle Eastern
2693459,292801,male,Southeast Asian
4586313,499603,female,White
210209,23032,female,Middle Eastern
3108274,338219,female,Indian
7668875,833483,female,Indian
7081515,769910,female,East Asian
6247538,679188,male,Middle Eastern
3035741,330290,female,East Asian
3982869,434082,female,White
2551940,277457,male,Indian
6931710,753734,female,Black
7383069,802641,female,Middle Eastern
3862824,421109,female,White
5669399,616364,male,Latino_Hispanic
4861116,529099,female,White
6460763,702394,male,Latino_Hispanic
5141396,559402,male,Indian
4943499,537897,female,White
5122497,557376,female,Black
543555,59323,male,East Asian
6340386,689408,male,Latino_Hispanic
8206935,891864,female,Black
5122390,557376,male,White
3901465,425385,female,East Asian
3330946,362470,female,Black
1439187,156363,male,Indian
3794622,413830,male,Southeast Asian
5528847,601038,male,Indian
8293821,901467,male,Latino_Hispanic
6804290,739817,female,Latino_Hispanic
3035755,330290,female,East Asian
1690010,183555,female,White
2145659,233521,female,East Asian
6040448,656462,female,East Asian
4918626,535159,female,Latino_Hispanic
6043977,656825,female,Latino_Hispanic
5004316,544546,male,Latino_Hispanic
4803948,522969,male,Indian
3655471,398369,female,White
4803924,522969,male,Indian
3542131,385958,male,Middle Eastern
1478896,160592,female,Southeast Asian
1627963,176625,female,Middle Eastern
4938502,537337,male,Indian
317519,34847,male,Southeast Asian
6295528,684491,female,Middle Eastern
7431349,807667,female,Middle Eastern
3150727,342938,female,White
5765148,626750,male,Indian
3901235,425385,female,East Asian
1197525,129918,female,Black
5057795,550311,female,Indian
6990486,759889,male,Latino_Hispanic
1850473,201174,male,White
4650078,506402,female,East Asian
8357698,908501,male,Latino_Hispanic
3541392,385891,female,Latino_Hispanic
2734463,297280,male,Indian
1407385,152998,female,Indian
6686231,727023,female,Indian
4894257,532541,female,Latino_Hispanic
1467060,159357,female,Black
5527150,600838,female,Southeast Asian
5261419,572352,male,East Asian
5261359,572352,male,Latino_Hispanic
1550536,168427,male,Middle Eastern
328312,36003,male,East Asian
8379020,910866,female,Indian
4281690,466112,female,White
199102,21805,male,Indian
2053754,223607,female,Black
2776041,301842,male,Black
541299,59061,female,White
3020173,328533,female,White
2330311,253258,female,Latino_Hispanic
5416608,589135,male,Indian
6805447,739923,male,Black
7091939,771064,female,Middle Eastern
718441,78472,male,Latino_Hispanic
875752,95308,male,Middle Eastern
5270138,573256,male,Southeast Asian
6666215,724780,female,Black
810461,88346,female,Southeast Asian
6822567,741735,male,Indian
157977,17299,male,Black
7150751,777340,male,Latino_Hispanic
8421523,915439,female,Latino_Hispanic
32659,3682,female,Southeast Asian
1120582,121665,male,Southeast Asian
875632,95308,male,White
4910079,534213,male,East Asian
4540775,494787,female,Middle Eastern
7948222,864043,male,Indian
4653829,506732,male,Black
8041200,874118,male,White
7174058,779862,male,Southeast Asian
6973292,757992,male,Indian
1082676,117532,male,White
8209162,892126,male,Indian
7242364,787211,female,White
4595064,500509,female,Middle Eastern
3931390,428411,male,Southeast Asian
3838908,418564,female,Middle Eastern
2144037,233333,female,Latino_Hispanic
5681311,617689,female,Black
317547,34847,male,Middle Eastern
4100934,446649,female,White
2958702,321729,male,Middle Eastern
120123,13066,female,Latino_Hispanic
797961,87027,female,Latino_Hispanic
2590677,281631,male,Latino_Hispanic
7580557,823901,female,East Asian
150482,16445,female,Middle Eastern
970478,105436,female,Indian
377138,41361,male,Black
7469855,811877,male,Latino_Hispanic
6805488,739923,male,Black
6506421,707287,male,Southeast Asian
403637,44330,female,East Asian
3184182,346469,female,Black
2402665,261117,female,East Asian
6723346,731042,male,Latino_Hispanic
6231450,677423,male,Middle Eastern
3618758,394498,female,White
7150704,777340,male,Latino_Hispanic
8439893,917471,male,Latino_Hispanic
6061189,658828,female,Southeast Asian
2215650,240898,male,Black
3330834,362470,female,Latino_Hispanic
3995869,435495,female,Southeast Asian
2016742,219440,female,Southeast Asian
3909913,426238,female,Indian
6272101,681873,female,Indian
5568931,605422,female,Middle Eastern
8418102,915073,female,Southeast Asian
1739738,189006,female,Middle Eastern
5901828,641682,female,White
8497101,923565,male,East Asian
1051688,114250,male,Indian
4224719,459834,female,Middle Eastern
946406,102881,male,Indian
5994304,651673,female,White
2765838,300755,male,East Asian
6353386,690854,male,Black
6805415,739923,male,Black
2379377,258532,male,Black
377137,41361,male,Black
6455236,701776,male,Southeast Asian
3931403,428411,male,Black
5122378,557376,female,Latino_Hispanic
3184124,346469,male,Black
5485321,596332,female,White
4311156,469319,male,East Asian
674969,73691,female,East Asian
3011905,327651,female,Latino_Hispanic
3982927,434082,male,Middle Eastern
3235328,351988,male,Indian
6270768,681736,male,Middle Eastern
4311206,469319,male,East Asian
7892562,857933,female,White
7951190,864393,female,East Asian
1250153,135810,female,Black
3108272,338219,female,Middle Eastern
7468581,811755,male,Black
4699724,511736,male,Indian
5297567,576156,male,Southeast Asian
4584487,499415,male,White
2471466,268809,female,White
1159370,125838,male,East Asian
8280566,900018,female,Indian
895938,97435,male,Indian
5443826,591891,male,White
1699931,184577,male,Middle Eastern
1450036,157567,male,Indian
2155296,234496,female,Indian
7665371,833134,male,Middle Eastern
6340425,689408,male,Middle Eastern
7951173,864393,female,East Asian
6579251,715543,male,White
2112313,229834,male,White
3794638,413830,female,Latino_Hispanic
8469076,920538,female,White
2633422,286347,female,Black
952236,103505,male,East Asian
2651150,288229,female,White
425502,46634,male,Latino_Hispanic
6061191,658828,female,Black
2974623,323442,male,East Asian
3802897,414700,female,Southeast Asian
1159351,125838,male,East Asian
4680521,509639,male,Latino_Hispanic
4082331,444741,male,Latino_Hispanic
1915278,208334,female,Latino_Hispanic
6805398,739923,male,Black
4612050,502225,female,Middle Eastern
3901334,425385,female,Southeast Asian
1699811,184577,male,White
6376902,693241,female,Southeast Asian
7756019,843082,female,Indian
6904375,750725,male,White
4817110,524403,female,White
8293783,901467,male,Southeast Asian
2120783,230727,female,Middle Eastern
4222545,459625,male,Indian
1070573,116196,female,Southeast Asian
8293787,901467,male,Southeast Asian
4906680,533889,female,East Asian
8041052,874118,female,White
8067790,876899,male,White
5122470,557376,male,Middle Eastern
8479207,921695,male,Middle Eastern
6912150,751562,female,Middle Eastern
4123410,449062,male,Black
3150778,342938,female,White
5641481,613251,female,Middle Eastern
1482940,161035,female,Middle Eastern
4311201,469319,male,East Asian
5082155,553013,female,Indian
3159501,343836,male,White
8517284,925738,male,Latino_Hispanic
8484623,922251,female,Middle Eastern
5500562,598030,male,Indian
6231426,677423,male,Black
2974615,323442,male,East Asian
7092393,771102,male,East Asian
112386,12215,male,Middle Eastern
4373068,476172,male,Middle Eastern
6925746,753056,female,East Asian
2268431,246460,male,Latino_Hispanic
2867472,311876,female,Indian
3578608,390091,male,Southeast Asian
263594,29075,male,Black
8357782,908501,male,Latino_Hispanic
7933811,862469,female,White
6149062,668400,female,Middle Eastern
6987425,759574,male,White
912580,99181,male,Indian
2464566,268088,male,Black
6768787,735869,female,Black
1726542,187555,male,East Asian
6787667,737981,female,Indian
3235322,351988,male,Black
6990528,759889,male,Middle Eastern
6757036,734688,female,White
1129886,122665,female,East Asian
3108204,338219,female,Indian
2552021,277457,female,Indian
1446110,157139,female,East Asian
5681746,617728,female,Indian
5994327,651673,female,White
1380837,150078,female,White
5950005,646897,male,Black
1633886,177265,male,Middle Eastern
8182516,889264,female,Black
214178,23537,male,White
4872526,530272,female,Latino_Hispanic
2867481,311876,female,Middle Eastern
2053130,223561,female,Black
221195,24351,female,Southeast Asian
3898924,425186,male,Southeast Asian
1159397,125838,male,East Asian
6336952,689029,male,Indian
3541396,385891,female,White
4734789,515489,female,Middle Eastern
6912139,751562,female,Indian
1407322,152997,male,Indian
6903306,750597,male,Middle Eastern
4034728,439654,male,Latino_Hispanic
1330169,144455,male,East Asian
641697,70085,male,White
2812276,305948,female,Latino_Hispanic
8206910,891864,female,Black
745733,81381,female,Latino_Hispanic
1353066,147025,female,Southeast Asian
4675742,509087,male,Middle Eastern
5415865,589039,male,Black
4120764,448812,male,East Asian
2726455,296423,male,Black
4743495,516450,male,East Asian
2112363,229834,male,Indian
6669098,725094,female,Middle Eastern
705640,77112,female,Southeast Asian
669978,73156,female,East Asian
2884813,313695,male,East Asian
8181356,889150,male,Southeast Asian
699960,76447,male,White
3142695,342093,male,Indian
2735258,297373,female,Middle Eastern
5012532,545448,male,Latino_Hispanic
4065154,442893,male,Black
506989,55424,female,Latino_Hispanic
8490162,922833,female,Middle Eastern
5875632,638849,female,Southeast Asian
8124230,883067,female,White
327033,35864,female,East Asian
4034740,439654,male,Southeast Asian
924100,100462,male,Southeast Asian
8182223,889231,female,Black
5115839,556619,female,Indian
3462150,377031,female,East Asian
6247479,679188,male,Middle Eastern
3455320,376410,male,White
493805,54046,female,Indian
3975384,433344,female,Latino_Hispanic
3734978,407300,male,Southeast Asian
5181168,563651,female,White
6953640,755892,male,East Asian
7072187,768905,male,Middle Eastern
7814632,849431,female,Southeast Asian
199051,21805,male,Latino_Hispanic
1850474,201174,female,White
199069,21805,male,Latino_Hispanic
1922104,209080,female,White
1743782,189395,male,Black
4872540,530272,female,Latino_Hispanic
3035737,330290,female,Southeast Asian
3128655,340555,female,Southeast Asian
3134755,341233,male,East Asian
5057867,550311,female,Indian
7805184,848465,female,East Asian
7232090,786075,female,Black
7676721,834356,male,Middle Eastern
6506336,707287,male,East Asian
7392942,803713,female,Black
674958,73691,female,Southeast Asian
1448431,157385,female,Middle Eastern
4094632,446022,female,Indian
4425060,481900,female,White
2250171,244554,female,Southeast Asian
2241244,243590,female,Southeast Asian
6340414,689408,male,Indian
4675800,509087,male,Latino_Hispanic
5701927,619973,female,Indian
8497110,923565,male,East Asian
7177929,780257,male,Latino_Hispanic
5123102,557440,male,Latino_Hispanic
6903263,750597,male,Middle Eastern
512412,56004,male,White
5033960,547740,female,Indian
6665690,724713,male,Middle Eastern
6805512,739923,male,Black
2247924,244331,male,Latino_Hispanic
5279146,574207,female,Latino_Hispanic
6247550,679188,male,Indian
3353612,364935,female,Southeast Asian
674954,73691,female,East Asian
5450853,592637,male,Black
8166930,887592,male,Latino_Hispanic
7890183,857693,female,Indian
4988244,542827,male,Indian
4906718,533889,female,East Asian
2645706,287648,male,Black
5016212,545845,female,White
657287,71727,male,Indian
7202974,782800,female,Southeast Asian
8098758,880211,male,White
5128234,558004,female,White
7951212,864393,female,East Asian
1180285,128009,male,Black
6376917,693241,female,Latino_Hispanic
5201919,565990,male,Southeast Asian
3856723,420513,female,Southeast Asian
3038041,330499,male,Southeast Asian
6953576,755892,male,East Asian
3346301,364178,male,Black
1699820,184577,male,Latino_Hispanic
4906752,533889,female,East Asian
8441684,917671,female,Black
7242355,787211,female,Latino_Hispanic
5230632,568976,male,Middle Eastern
8161411,887026,male,Black
7766589,844270,female,Southeast Asian
2726415,296423,male,Black
5125309,557665,male,Latino_Hispanic
5770196,627358,male,Indian
1757193,190776,male,East Asian
6411627,697018,male,East Asian
3588107,391146,male,Latino_Hispanic
377418,41399,female,Latino_Hispanic
8310034,903232,female,Latino_Hispanic
8211623,892357,female,Black
8510344,924984,female,East Asian
4853014,528298,female,Middle Eastern
6433121,699436,male,Latino_Hispanic
705645,77112,female,Southeast Asian
2958655,321729,male,Middle Eastern
1450062,157567,male,Black
2005247,218115,female,East Asian
3659425,398821,female,Black
7926284,861675,male,White
6769151,735910,male,Latino_Hispanic
1995346,217068,male,White
7610251,827145,male,East Asian
6963832,756919,female,Southeast Asian
3544230,386189,female,Latino_Hispanic
5032282,547561,female,Southeast Asian
4200314,457253,male,East Asian
7494888,814664,male,Black
1265705,137434,female,Indian
7951164,864393,female,East Asian
3727759,406534,male,White
6828067,742359,female,Latino_Hispanic
762556,83242,male,White
3641844,396965,female,White
197652,21689,female,Indian
641740,70085,male,White
3538898,385594,male,Southeast Asian
2080920,226505,female,Middle Eastern
3395476,369704,male,White
8357728,908501,male,Indian
4123364,449062,male,Latino_Hispanic
263626,29075,male,Black
1151146,124952,female,Indian
7637932,830152,male,White
2734436,297280,male,Latino_Hispanic
8329549,905469,female,East Asian
1467073,159357,female,Indian
8386473,911713,female,White
3570844,389209,male,Black
5962873,648272,male,White
5488456,596721,male,East Asian
5279161,574207,female,Indian
3147403,342564,male,White
7530950,818524,male,Black
163423,17880,female,Indian
4088041,445367,female,White
4743475,516450,male,Latino_Hispanic
6035575,655997,male,Latino_Hispanic
952233,103505,male,Southeast Asian
3208753,349084,male,Black
6931751,753734,female,Black
5450641,592610,male,Southeast Asian
163416,17880,female,Indian
493826,54046,female,Black
5201915,565990,male,Southeast Asian
5772847,627658,female,East Asian
1666836,180972,male,Middle Eastern
2894657,314769,male,Southeast Asian
3174771,345513,female,Indian
6072764,660046,female,East Asian
5261374,572352,male,East Asian
3915532,426785,female,East Asian
3235334,351988,male,Black
2519170,273897,male,East Asian
4195023,456667,male,Latino_Hispanic
490829,53728,male,East Asian
518818,56677,female,Indian
2633381,286347,female,Black
3862776,421109,female,White
7069123,768579,male,Latino_Hispanic
1954208,212665,male,Latino_Hispanic
7500353,815229,male,Indian
3128650,340555,female,Southeast Asian
5352214,582048,male,Indian
1689971,183555,female,Indian
7814635,849431,female,East Asian
5669378,616364,male,Indian
8441670,917671,female,Black
1264555,137320,male,Indian
6562539,713587,female,Southeast Asian
2958168,321670,female,Middle Eastern
2493758,271197,female,Middle Eastern
5004311,544546,male,Black
197718,21689,female,Middle Eastern
2433701,264605,female,Black
3655429,398369,female,East Asian
5122454,557376,male,White
758905,82874,female,Indian
4120772,448812,male,East Asian
1689328,183498,female,East Asian
1970674,214459,male,Latino_Hispanic
5468632,594522,male,Indian
861015,93784,male,Latino_Hispanic
3892770,424445,female,Southeast Asian
3312612,360445,male,Middle Eastern
7415255,806021,male,East Asian
3909953,426238,female,Latino_Hispanic
4584527,499415,male,White
8064235,876545,female,Southeast Asian
8280551,900018,female,Indian
5772093,627562,female,White
3184117,346469,male,Black
2849595,309948,female,Middle Eastern
7084483,770209,female,Latino_Hispanic
530790,57938,male,Southeast Asian
1941733,211158,male,Southeast Asian
6664484,724604,male,Latino_Hispanic
7529922,818429,male,Middle Eastern
715396,78177,male,Latino_Hispanic
5765191,626750,male,Indian
1042852,113270,male,White
1689922,183555,female,Latino_Hispanic
1567971,170258,male,Middle Eastern
3802898,414700,female,Southeast Asian
5935994,645389,male,Black
7665384,833134,male,Latino_Hispanic
1180284,128009,male,Black
6336961,689029,male,Indian
8144804,885285,female,Middle Eastern
898756,97703,male,White
8421535,915439,female,Latino_Hispanic
4944849,538023,male,Middle Eastern
159972,17514,male,White
4666169,508068,female,Indian
7472012,812119,female,Black
6686238,727023,female,Indian
8543127,928676,male,Middle Eastern
7992354,868907,male,Latino_Hispanic
6336964,689029,male,Middle Eastern
4680554,509639,male,Latino_Hispanic
8293798,901467,male,Latino_Hispanic
3219101,350173,male,Latino_Hispanic
5950003,646897,male,Black
4252889,463086,male,East Asian
222407,24467,female,Indian
4113589,448044,female,Middle Eastern
5387023,585988,female,Southeast Asian
1266572,137536,male,Southeast Asian
3269050,355635,male,East Asian
5466818,594340,male,Black
3182554,346302,female,Middle Eastern
7189588,781472,male,East Asian
7511597,816448,male,Middle Eastern
6769115,735910,male,Latino_Hispanic
5140732,559355,female,Indian
7784239,846180,female,Latino_Hispanic
7717015,838789,female,Black
6466316,702976,female,Indian
3706873,404100,female,Middle Eastern
1550560,168427,male,White
518411,56621,female,Indian
3049749,331776,male,East Asian
6822598,741735,male,Latino_Hispanic
2645317,287622,male,Southeast Asian
1567891,170258,male,Middle Eastern
6525845,709394,female,Black
349591,38418,female,Middle Eastern
7907751,859601,male,Latino_Hispanic
7687622,835510,male,White
4652190,506604,male,Southeast Asian
7549026,820408,male,Southeast Asian
2120815,230727,female,Middle Eastern
377136,41361,male,Black
3142708,342093,male,Black
7271013,790353,female,Indian
4714478,513301,male,White
1439215,156363,male,Latino_Hispanic
3641873,396965,female,White
7492584,814386,female,Black
5991854,651398,female,Latino_Hispanic
4912922,534483,male,Black
3054841,332365,male,East Asian
7286093,792060,female,Southeast Asian
4552957,496065,female,Middle Eastern
7189598,781472,male,East Asian
4803897,522969,male,Latino_Hispanic
6897245,749970,male,East Asian
2171603,236261,male,East Asian
2307758,250832,female,Southeast Asian
7932630,862365,female,Black
8182522,889264,female,Black
1995449,217068,male,White
5122406,557376,female,Indian
481754,52723,female,Indian
1330203,144455,female,Southeast Asian
4877743,530783,male,Southeast Asian
6947289,755263,male,Black
5416624,589135,male,Indian
7072244,768905,male,Middle Eastern
3150804,342938,female,White
7845571,852832,female,Middle Eastern
6474097,703836,female,Latino_Hispanic
3727667,406534,male,White
871676,94883,female,Middle Eastern
4675791,509087,male,Latino_Hispanic
5485373,596332,female,White
7520132,817363,female,Indian
2010227,218649,male,Latino_Hispanic
4504830,490725,female,Middle Eastern
8211572,892357,female,Black
2801914,304759,female,Black
4652104,506600,female,Black
5283482,574687,male,Black
6528008,709656,female,Middle Eastern
2849457,309935,female,Middle Eastern
4452938,484911,male,White
3920112,427262,male,Indian
6984738,759281,female,Southeast Asian
2956783,321515,male,Black
4043064,440531,male,White
8081743,878472,female,White
7501841,815361,female,Middle Eastern
410237,45037,female,Black
1921095,208966,male,Latino_Hispanic
7717057,838789,female,Black
1039857,112954,male,Indian
5204192,566196,female,Latino_Hispanic
3072511,334335,male,East Asian
4366898,475501,female,Middle Eastern
7500356,815229,male,Indian
4206773,457924,male,Latino_Hispanic
7628391,829086,female,Indian
5094346,554304,female,Middle Eastern
4012607,437279,male,East Asian
4653711,506732,male,Black
7992395,868907,male,Latino_Hispanic
1210299,131331,female,Black
4770361,519392,female,East Asian
7950679,864336,male,Middle Eastern
8135003,884219,female,White
2893008,314597,male,Black
4120814,448812,male,East Asian
4670900,508575,male,Southeast Asian
7655460,832038,female,Southeast Asian
2734497,297280,male,Latino_Hispanic
163438,17880,female,Indian
7396676,804061,female,Black
4497187,489897,male,Southeast Asian
2778856,302133,male,Indian
5532640,601427,female,Middle Eastern
7428208,807338,male,East Asian
443561,48612,female,Southeast Asian
6098599,662874,male,White
2475730,269281,female,Southeast Asian
8085299,878855,female,Middle Eastern
6071028,659844,male,Indian
8098877,880211,male,Black
8422302,915532,male,Black
8439879,917471,male,White
5317598,578301,female,East Asian
8182502,889264,female,Black
6804273,739817,female,Black
7084487,770209,female,Indian
7686649,835430,female,Middle Eastern
5030288,547365,female,Latino_Hispanic
7926222,861675,male,White
6353280,690854,male,White
6353376,690854,male,Latino_Hispanic
4680571,509639,male,Middle Eastern
6686193,727023,female,Indian
3413814,371679,female,Middle Eastern
3464384,377274,female,Black
7661948,832744,male,Indian
8366366,909473,female,White
3859817,420794,male,Indian
7511485,816448,male,Indian
5286282,574969,female,Middle Eastern
6584686,716100,female,Middle Eastern
5670493,616467,female,East Asian
6407047,696510,female,Southeast Asian
7189560,781472,female,Latino_Hispanic
6247535,679188,male,Middle Eastern
1304810,141642,female,Latino_Hispanic
3877410,422716,female,Indian
4817242,524403,female,Latino_Hispanic
2536531,275769,male,Southeast Asian
7536309,819050,female,Black
1039874,112954,male,Indian
8062870,876398,female,East Asian
3920052,427262,male,Indian
1916617,208467,female,Latino_Hispanic
3434443,374088,male,Latino_Hispanic
5669398,616364,male,Southeast Asian
3014141,327875,male,White
3542103,385958,male,Middle Eastern
4938467,537337,male,Indian
5567846,605317,female,Latino_Hispanic
842038,91783,female,Middle Eastern
7574519,823193,female,White
4808841,523505,female,Latino_Hispanic
1954235,212665,male,Latino_Hispanic
6466345,702976,female,Indian
6860943,745920,male,Indian
8074817,877682,female,White
6231385,677423,male,Middle Eastern
4770389,519392,female,East Asian
8094832,879853,female,Black
8497127,923565,male,East Asian
6043914,656825,female,Latino_Hispanic
1266565,137536,male,East Asian
528381,57680,female,White
3923432,427638,female,Middle Eastern
8182146,889231,female,Black
4310442,469251,male,Southeast Asian
6202598,674148,male,Latino_Hispanic
1890361,205723,female,East Asian
2464624,268088,female,Black
1921089,208966,male,White
1286010,139655,female,White
4422093,481602,male,Southeast Asian
6618926,719763,female,Black
7367730,800977,male,Black
7640169,830368,female,Latino_Hispanic
3438479,374548,male,Southeast Asian
696003,75964,female,East Asian
1550582,168427,male,Middle Eastern
486894,53274,female,Black
1151085,124952,female,Indian
1042863,113270,male,Southeast Asian
4552954,496065,female,White
3413483,371645,female,Latino_Hispanic
2118459,230506,male,Southeast Asian
4149293,451825,female,Southeast Asian
8008419,870559,female,White
8309962,903232,female,Black
5004265,544546,male,Black
6433261,699451,female,White
1523303,165484,female,Black
8211565,892357,male,Black
3915561,426785,female,East Asian
4006493,436656,female,Latino_Hispanic
512411,56004,male,Latino_Hispanic
4141587,451049,female,East Asian
7906889,859523,female,Middle Eastern
5911955,642798,female,East Asian
1271900,138123,female,Latino_Hispanic
7780789,845797,female,Southeast Asian
705642,77112,female,Latino_Hispanic
3450137,375834,male,Southeast Asian
1537647,167098,male,Southeast Asian
3733827,407168,male,White
3582314,390545,male,White
5261420,572352,male,Southeast Asian
8080510,878346,male,Middle Eastern
4540801,494787,female,Indian
3156530,343540,male,East Asian
6433250,699451,female,White
6100515,663097,female,Indian
8160358,886928,male,East Asian
4900375,533189,female,Latino_Hispanic
343281,37696,male,Middle Eastern
3901435,425385,female,Latino_Hispanic
6557366,712999,female,Latino_Hispanic
7950682,864336,male,Latino_Hispanic
8125181,883140,male,East Asian
8071774,877398,male,Southeast Asian
5658118,615139,female,Indian
3544223,386189,female,Indian
3544205,386189,female,Latino_Hispanic
8231096,894505,female,Middle Eastern
5279125,574207,female,Indian
3437051,374391,female,East Asian
6030928,655464,male,Southeast Asian
2112358,229834,male,White
7529963,818429,male,White
3251015,353654,male,Indian
6270719,681736,male,Middle Eastern
7264706,789658,male,Middle Eastern
571146,62277,female,Middle Eastern
3156570,343540,male,East Asian
5230649,568976,male,Latino_Hispanic
3035899,330290,female,White
6016637,653990,female,Middle Eastern
4094667,446022,female,Indian
7361763,800319,male,Indian
3570827,389209,male,Black
8041205,874118,female,White
3157464,343622,female,Middle Eastern
8366382,909473,female,Middle Eastern
912635,99181,male,Indian
5063725,550932,female,Middle Eastern
1042855,113270,male,Latino_Hispanic
4540780,494787,female,Indian
4734787,515489,female,Middle Eastern
490875,53728,male,East Asian
2154793,234428,male,Black
979535,106452,female,Middle Eastern
354801,38968,female,Middle Eastern
3438474,374548,male,East Asian
2789143,303296,female,Middle Eastern
3313076,360504,female,Middle Eastern
6990438,759889,male,White
2824067,307192,male,Southeast Asian
7249349,787966,male,Black
3374062,367321,female,Black
274536,30210,female,Southeast Asian
8061592,876247,female,White
1096186,119056,female,Middle Eastern
7766630,844270,female,East Asian
6669091,725094,female,Indian
486955,53274,female,Black
4670902,508575,male,Southeast Asian
4167371,453710,female,Latino_Hispanic
4964529,540118,male,Southeast Asian
2144047,233333,female,Latino_Hispanic
943431,102580,female,Black
5283600,574687,male,Black
3868716,421793,female,East Asian
5761495,626410,female,Middle Eastern
1903833,207128,female,White
3452938,376127,female,Black
6270718,681736,male,Middle Eastern
7030321,764162,female,Southeast Asian
2471504,268809,female,Indian
5178765,563400,female,Indian
6990475,759889,male,Middle Eastern
3422268,372635,female,Indian
4822176,524914,female,Southeast Asian
3455273,376410,male,White
4912896,534483,female,Black
8395780,912742,male,Southeast Asian
3334677,362881,female,Black
5035239,547888,male,Middle Eastern
5708925,620738,female,White
222388,24467,female,Indian
3134722,341233,female,East Asian
7045731,765940,female,East Asian
7520177,817363,female,Indian
2171597,236261,male,East Asian
5460391,593624,female,East Asian
4743540,516450,male,East Asian
674874,73691,female,East Asian
1960684,213327,female,Middle Eastern
3655437,398369,female,East Asian
4156479,452627,female,Middle Eastern
4675790,509087,male,Middle Eastern
6904478,750725,female,White
4120757,448812,male,East Asian
1265752,137434,female,Indian
7472052,812119,female,Black
50286,5596,female,Middle Eastern
3252450,353814,female,Indian
5158803,561234,male,Black
3182588,346302,female,White
6030939,655464,male,East Asian
4015667,437627,female,Indian
3915478,426785,female,East Asian
7153775,777640,male,Middle Eastern
1818994,197675,female,Southeast Asian
1109836,120467,female,Black
4372991,476172,male,Indian
5199174,565709,female,White
444371,48701,male,White
1194146,129502,male,Southeast Asian
8439609,917455,male,East Asian
451548,49493,female,Southeast Asian
3109413,338337,female,White
1133145,123045,female,Southeast Asian
3051959,332035,male,East Asian
5066119,551223,male,Indian
5416684,589135,male,Indian
6202606,674148,male,Latino_Hispanic
1407288,152997,male,Indian
4129341,449693,female,Latino_Hispanic
3445491,375337,female,White
4900381,533189,female,Latino_Hispanic
7158257,778169,male,East Asian
5033968,547740,female,Latino_Hispanic
2503910,272217,male,Middle Eastern
132974,14463,male,East Asian
2402759,261117,female,East Asian
197711,21689,female,Indian
43010,4777,male,White
8182515,889264,female,Black
7637927,830152,male,Latino_Hispanic
4034724,439654,male,Southeast Asian
1650426,179107,female,East Asian
3072570,334338,female,Middle Eastern
5765147,626750,male,Indian
506857,55420,male,Indian
4482064,488180,male,Southeast Asian
3813108,415756,male,Indian
8166978,887592,male,Middle Eastern
506992,55424,female,Southeast Asian
1250090,135810,female,Black
6769189,735910,male,Latino_Hispanic
498182,54486,female,Indian
7676688,834356,male,Middle Eastern
3570823,389209,male,Black
1540044,167389,female,East Asian
3450130,375834,male,Latino_Hispanic
4941021,537609,male,Latino_Hispanic
3595129,391923,male,White
6213001,675289,female,Middle Eastern
2471491,268809,female,Latino_Hispanic
6579280,715543,male,White
3860122,420820,male,Middle Eastern
3538857,385594,male,Southeast Asian
6404441,696237,male,Black
3641863,396965,female,White
6245699,678990,female,Black
8290738,901143,female,Middle Eastern
1928730,209814,male,Middle Eastern
7361820,800319,male,Indian
1678046,182207,female,White
1689350,183498,female,East Asian
1921075,208966,male,Latino_Hispanic
5669449,616364,male,Indian
5115888,556619,female,Middle Eastern
1287733,139838,female,Latino_Hispanic
6984094,759200,male,Southeast Asian
875678,95308,male,Indian
1432976,155708,male,Southeast Asian
5721085,621981,female,Middle Eastern
3892727,424445,female,Indian
4222541,459625,male,Indian
2377730,258367,female,Middle Eastern
3960987,431705,female,Black
8125170,883140,male,Southeast Asian
5950042,646897,male,Black
885293,96311,male,Latino_Hispanic
2249223,244457,male,Latino_Hispanic
1169534,126905,female,Black
8182222,889231,female,Latino_Hispanic
30528,3464,male,Indian
4324464,470721,female,Middle Eastern
8293844,901467,male,Latino_Hispanic
6828757,742417,female,East Asian
785281,85684,female,East Asian
501386,54859,female,Black
7665416,833134,male,Latino_Hispanic
3465712,377408,female,Latino_Hispanic
6031603,655531,female,East Asian
2185575,237731,female,White
3523928,383888,male,Middle Eastern
4944769,538023,male,Middle Eastern
1271951,138123,female,Black
8211558,892357,female,Black
2398195,260610,female,East Asian
4675719,509087,male,Middle Eastern
10352,1203,female,East Asian
6683445,726693,female,Indian
2487,272,female,Black
4082326,444741,male,Indian
6506350,707287,male,White
2956800,321515,male,Indian
1043382,113328,female,Indian
4222563,459625,male,Indian
3312634,360445,male,Middle Eastern
6745550,733450,female,Middle Eastern
1451748,157727,female,White
6738391,732670,male,East Asian
6648934,722868,male,Latino_Hispanic
4861156,529099,female,White
3465705,377408,female,Latino_Hispanic
99412,10865,male,Southeast Asian
1494689,162314,male,Middle Eastern
5936048,645389,male,Black
1220851,132446,male,Southeast Asian
4812825,523908,female,Indian
1851705,201326,male,Southeast Asian
3182584,346302,female,Middle Eastern
1893318,206020,female,Southeast Asian
7602594,826336,male,Southeast Asian
2765851,300755,male,East Asian
2195936,238855,male,White
4129428,449693,female,Latino_Hispanic
7965335,865923,male,White
8287028,900765,male,Indian
6038251,656259,female,Latino_Hispanic
7950658,864336,male,Middle Eastern
2499168,271783,female,White
2633399,286347,female,Black
1811890,196862,female,Indian
1169459,126905,female,Black
8106220,881023,male,Southeast Asian
5585818,607265,male,Indian
2402790,261117,female,East Asian
5556342,604023,female,Middle Eastern
8085301,878855,female,Southeast Asian
506959,55424,female,Southeast Asian
3441866,374936,male,White
4347412,473350,male,Southeast Asian
3395448,369704,male,White
7580453,823901,female,East Asian
69165,7582,male,White
375941,41228,female,East Asian
528377,57680,female,Southeast Asian
8510383,924984,female,East Asian
5037473,548091,female,Latino_Hispanic
4912916,534483,male,Black
1567999,170258,male,Middle Eastern
6903244,750597,male,Middle Eastern
7924240,861484,male,Indian
3455270,376410,male,White
3901223,425385,female,East Asian
8463048,919916,male,Black
486887,53274,female,Black
222401,24467,female,Indian
2121059,230754,female,Middle Eastern
715325,78177,male,Latino_Hispanic
2884770,313695,male,Southeast Asian
512421,56004,male,White
4339729,472459,male,Middle Eastern
5681380,617689,female,Black
456147,49957,female,East Asian
5141449,559402,male,Indian
6873247,747241,male,Southeast Asian
5122410,557376,female,White
7428205,807338,female,Southeast Asian
486889,53274,female,Black
6375286,693083,male,East Asian
1250478,135835,female,Southeast Asian
7430997,807656,male,White
6035612,655997,male,Middle Eastern
2185587,237731,female,White
1159323,125838,male,East Asian
7271017,790353,female,Indian
6247386,679185,female,Latino_Hispanic
1550588,168427,male,Middle Eastern
1634039,177265,male,Latino_Hispanic
1180213,128009,male,Black
6541752,711237,male,Latino_Hispanic
1271916,138123,female,Black
1743783,189395,male,Black
6340346,689408,male,Latino_Hispanic
6604079,718134,male,Indian
2491900,270978,female,Middle Eastern
4817118,524403,female,Latino_Hispanic
8517293,925738,female,Latino_Hispanic
3035885,330290,female,East Asian
6246641,679095,female,Southeast Asian
2087111,227167,male,White
7462134,811093,female,Southeast Asian
2671916,290493,female,Black
132854,14461,male,Latino_Hispanic
6188290,672640,female,Black
3791689,413446,male,Southeast Asian
3860097,420820,male,White
7092338,771102,male,East Asian
4550939,495841,female,Middle Eastern
214135,23537,female,Indian
3464398,377274,female,Black
4652288,506604,male,East Asian
3051176,331923,female,White
507028,55424,female,White
8008434,870559,female,White
2118388,230506,male,Southeast Asian
2725990,296379,female,Southeast Asian
6147122,668174,female,Latino_Hispanic
4422102,481602,male,Southeast Asian
4253017,463086,male,East Asian
4100946,446649,male,White
6809154,740294,male,Middle Eastern
5418443,589300,female,Black
2659687,289178,male,Middle Eastern
3542116,385958,male,Middle Eastern
6231383,677423,male,White
8182546,889264,female,Black
4803933,522969,male,Indian
8166990,887592,male,Middle Eastern
2247918,244331,male,Southeast Asian
1834652,199428,female,Indian
1650409,179107,female,Southeast Asian
7299841,793514,male,Indian
4129391,449693,female,Latino_Hispanic
3150821,342938,female,White
7392908,803713,female,Black
6860996,745920,male,Indian
3544325,386189,female,Indian
8405566,913709,male,Middle Eastern
1577684,171184,female,Black
8038979,873874,female,Indian
4988338,542827,male,Black
1159301,125838,male,East Asian
5029721,547304,female,White
5468656,594522,male,Indian
3813079,415756,male,Indian
4530493,493656,female,East Asian
5293300,575723,male,Southeast Asian
4120798,448812,male,Southeast Asian
1594080,173024,male,East Asian
2120850,230727,female,Middle Eastern
8441679,917671,female,Middle Eastern
1970711,214459,male,Indian
8168514,887735,male,Indian
5066136,551223,male,Southeast Asian
2473412,268997,female,East Asian
4653838,506732,male,Black
8444927,917974,female,Middle Eastern
1250137,135810,female,Black
4206759,457924,male,East Asian
4082398,444741,male,Indian
4565644,497364,female,Middle Eastern
946476,102881,male,Middle Eastern
1990226,216546,male,Southeast Asian
4565658,497364,female,Indian
1980182,215448,male,Southeast Asian
5057817,550311,female,Indian
8261304,897925,male,Black
7084496,770209,female,White
55816,6124,female,Latino_Hispanic
7249487,787966,male,Black
3901488,425385,female,East Asian
8109084,881355,female,East Asian
4497184,489897,male,Southeast Asian
7116385,773715,female,White
2726491,296423,male,Black
5418472,589300,male,Black
3981924,433988,male,Middle Eastern
5077546,552517,male,Indian
3235357,351988,male,Black
7069133,768579,male,Indian
6346070,690003,male,Latino_Hispanic
3868713,421793,female,Southeast Asian
4997487,543844,female,Indian
2402751,261117,female,East Asian
5556131,604003,male,East Asian
6524876,709307,male,Indian
490816,53728,male,East Asian
2893033,314597,male,Black
1776010,192852,male,Middle Eastern
379722,41683,female,East Asian
3063801,333375,female,Middle Eastern
55804,6124,female,Indian
1689947,183555,female,Indian
3252432,353814,female,East Asian
4227264,460123,male,Latino_Hispanic
5488431,596721,male,East Asian
5317155,578250,male,Southeast Asian
5158739,561234,male,Black
2247939,244331,male,Southeast Asian
7249427,787966,male,Black
3037994,330499,male,Black
5660403,615366,female,Southeast Asian
2080951,226505,female,Indian
5283573,574687,male,Black
8469131,920538,female,White
5473856,595014,female,Latino_Hispanic
8244009,895991,female,Middle Eastern
878917,95624,male,White
1156459,125533,female,East Asian
6604125,718134,male,Indian
6047306,657282,female,White
8206894,891864,male,Black
715337,78177,male,Latino_Hispanic
7150719,777340,male,Latino_Hispanic
8209125,892126,female,Indian
1180206,128009,male,Black
7346216,798707,female,Black
708009,77393,female,Southeast Asian
8357682,908501,male,Latino_Hispanic
5033972,547740,female,Indian
3856715,420513,female,Southeast Asian
916353,99611,male,White
1030923,111947,male,Southeast Asian
2144058,233333,female,Southeast Asian
3437065,374391,female,East Asian
3669411,399890,female,Southeast Asian
4773072,519728,female,Southeast Asian
2898683,315238,female,White
5338766,580530,male,Black
7344204,798454,female,White
8539295,928257,female,Southeast Asian
2233864,242789,male,White
7478024,812771,male,Black
1990224,216546,male,Southeast Asian
8542377,928602,female,Indian
5338674,580529,male,East Asian
3860046,420820,male,Middle Eastern
1482945,161035,female,Indian
6098551,662874,female,Southeast Asian
8448869,918411,male,Latino_Hispanic
4320121,470237,female,Black
3655464,398369,female,Black
6353213,690854,male,White
3637605,396507,male,White
8463080,919916,male,Black
7636763,830033,male,Southeast Asian
518133,56592,female,East Asian
1918980,208696,female,White
5465910,594234,male,Indian
3641037,396858,female,Southeast Asian
7845650,852832,female,Indian
1995437,217068,male,White
2867478,311876,female,White
3465545,377392,female,East Asian
5038324,548189,female,Southeast Asian
2651201,288229,female,White
2811540,305859,female,Southeast Asian
4938490,537337,male,Indian
4817123,524403,female,Latino_Hispanic
6850493,744746,female,Middle Eastern
1494700,162314,male,White
3531606,384769,female,Southeast Asian
7092403,771102,male,White
785265,85684,female,East Asian
77847,8585,female,White
6604132,718134,male,Indian
1536251,166934,female,Southeast Asian
745718,81381,female,Latino_Hispanic
6466311,702976,female,White
1374657,149493,female,East Asian
5641477,613251,female,Indian
4994248,543489,male,Southeast Asian
5721067,621981,female,Middle Eastern
3982909,434082,female,Latino_Hispanic
4493072,489406,male,White
2582,280,female,East Asian
7204650,782997,female,East Asian
6433344,699451,female,White
133018,14463,male,East Asian
3659426,398821,female,Black
4577400,498641,male,Middle Eastern
4764742,518788,male,Indian
594067,64807,male,White
2433663,264605,female,Southeast Asian
8064233,876545,female,White
1648122,178859,female,East Asian
1990145,216544,female,Latino_Hispanic
4043073,440531,male,White
506851,55420,male,Indian
8161381,887026,male,Indian
3437084,374391,female,East Asian
7189899,781493,female,Southeast Asian
762592,83242,male,Middle Eastern
8166967,887592,male,White
5450855,592637,male,Black
6404434,696237,male,Black
7676731,834356,male,White
1304845,141642,female,Latino_Hispanic
1407393,152998,female,Indian
1317942,143090,male,Middle Eastern
7689447,835698,female,East Asian
6923301,752774,female,Southeast Asian
2534489,275557,female,Southeast Asian
3049795,331776,male,East Asian
199146,21805,male,Indian
8287047,900765,male,Indian
946450,102881,male,Indian
3931685,428430,male,East Asian
5500593,598030,male,Latino_Hispanic
700046,76447,male,East Asian
5204154,566196,female,Latino_Hispanic
6579271,715543,male,White
878831,95624,male,Middle Eastern
1402923,152528,male,Middle Eastern
1047528,113803,female,White
3811884,415621,male,East Asian
2534514,275557,male,Southeast Asian
6828692,742417,female,East Asian
7392962,803713,female,White
133021,14463,male,East Asian
4584535,499415,male,White
3108230,338219,female,Indian
518409,56621,female,Middle Eastern
1936691,210683,male,Indian
4209829,458261,male,Black
8422298,915532,male,White
2590664,281631,male,Southeast Asian
92387,10104,male,East Asian
6925728,753056,female,East Asian
1834618,199428,female,Middle Eastern
6040347,656462,female,East Asian
5038278,548186,female,Black
1697257,184300,female,Latino_Hispanic
3208828,349084,male,Black
120192,13066,female,Indian
5233739,569339,male,Latino_Hispanic
2651220,288229,female,White
2503870,272217,male,Middle Eastern
7531712,818618,female,Middle Eastern
478935,52418,female,Southeast Asian
3733764,407168,female,White
4894232,532537,female,Southeast Asian
3434465,374088,male,Latino_Hispanic
653715,71406,male,East Asian
5122356,557376,female,Latino_Hispanic
4492986,489406,male,White
6154015,668947,female,Middle Eastern
508929,55621,male,Black
7530943,818524,male,Southeast Asian
7766610,844270,female,East Asian
4584538,499415,female,White
7511515,816448,male,Middle Eastern
6738696,732691,male,Middle Eastern
10355,1203,female,Southeast Asian
3859802,420794,male,Indian
8085698,878889,male,East Asian
3773739,411475,male,Indian
5128252,558004,female,Latino_Hispanic
5950049,646897,male,Black
6891198,749259,male,Southeast Asian
2824052,307192,male,East Asian
2053161,223561,female,Black
5962883,648272,male,Latino_Hispanic
2402558,261098,female,Latino_Hispanic
6600000,717684,female,Latino_Hispanic
3920047,427262,male,Latino_Hispanic
6319594,687091,male,East Asian
8138245,884566,female,East Asian
700017,76447,female,East Asian
7807364,848689,male,Latino_Hispanic
6030950,655464,male,Southeast Asian
3441822,374936,male,Southeast Asian
5137007,558947,female,Latino_Hispanic
3892742,424445,male,Indian
2671876,290493,female,Black
3730963,406860,female,Middle Eastern
7153790,777640,male,White
5012528,545448,male,Latino_Hispanic
1865248,202857,male,Black
3706876,404100,female,East Asian
486906,53274,female,Black
3434477,374088,male,Latino_Hispanic
506822,55420,male,Indian
6868635,746729,female,Indian
4629800,504254,male,Middle Eastern
769636,83989,male,Middle Eastern
343282,37696,male,Latino_Hispanic
5373203,584393,male,Southeast Asian
5126204,557766,female,Indian
3490343,380055,female,Indian
1918929,208696,female,White
3147485,342564,male,White
1536274,166934,male,East Asian
6525800,709394,female,Latino_Hispanic
6389832,694639,male,East Asian
1366462,148512,female,Black
3754236,409312,male,East Asian
535720,58464,male,Latino_Hispanic
6130796,666344,female,Latino_Hispanic
6897376,749970,male,East Asian
5338721,580530,male,Indian
4339783,472459,male,Middle Eastern
1264560,137320,female,Latino_Hispanic
861033,93784,male,Latino_Hispanic
2645382,287622,male,East Asian
7755949,843082,female,Middle Eastern
6407008,696505,male,Southeast Asian
8436395,917121,female,Middle Eastern
718474,78472,male,Latino_Hispanic
3821401,416649,female,Southeast Asian
7755996,843082,female,Indian
1294316,140549,female,East Asian
7926235,861675,male,White
1929880,209935,male,Indian
6922039,752641,female,East Asian
6375261,693083,male,East Asian
5012452,545448,male,Indian
1151093,124952,female,Indian
3035888,330290,female,East Asian
1666865,180972,male,Latino_Hispanic
2184426,237606,female,East Asian
669997,73156,female,East Asian
4944808,538023,male,Middle Eastern
5137050,558947,female,Indian
1133133,123045,female,Black
7189545,781472,male,East Asian
2010269,218649,male,Latino_Hispanic
3733822,407168,male,White
7270962,790353,female,Southeast Asian
7299859,793514,female,Indian
5585784,607265,male,Indian
1578899,171330,female,Middle Eastern
5415876,589039,male,Black
3862823,421109,female,White
7807382,848689,male,East Asian
4658439,507207,male,Southeast Asian
6489052,705485,male,East Asian
4297644,467873,female,Middle Eastern
6723319,731042,male,Black
3637607,396507,male,White
8005611,870288,female,Latino_Hispanic
281153,30902,male,East Asian
1929706,209930,male,Southeast Asian
4808794,523505,female,Latino_Hispanic
867748,94460,female,East Asian
7189578,781472,female,East Asian
708019,77393,female,Southeast Asian
7736589,840959,female,Middle Eastern
8418093,915073,male,Southeast Asian
8309945,903232,female,Southeast Asian
8323870,904781,female,Southeast Asian
6053681,657994,female,Southeast Asian
6987506,759574,male,Middle Eastern
2893013,314597,male,Black
6272836,681968,female,Middle Eastern
4415276,480809,male,Southeast Asian
31812,3592,female,Indian
1159385,125838,male,East Asian
1407295,152997,male,White
1407440,152998,female,Latino_Hispanic
5122344,557376,male,Latino_Hispanic
5656808,615014,male,Latino_Hispanic
1159404,125838,male,East Asian
4817170,524403,female,Latino_Hispanic
965510,104894,male,Southeast Asian
2503915,272217,male,Middle Eastern
7766613,844270,female,East Asian
6541754,711237,male,Indian
1030459,111920,female,Black
6969568,757552,female,Southeast Asian
7965250,865923,male,White
881421,95919,female,White
946398,102881,male,Latino_Hispanic
3124475,340043,male,Latino_Hispanic
223784,24631,male,East Asian
5528853,601038,male,Indian
